Province,July2021,July2022,July2023,July2024,July2025
Ilocos Norte,1827,1830,1833,1834,1835
Ilocos Norte,32850,32908,32951,32979,32994
Ilocos Norte,32299,32365,32418,32456,32480
Ilocos Norte,14993,15024,15049,15067,15079
Ilocos Norte,56389,56504,56595,56661,56702
Ilocos Norte,9970,9987,10000,10009,10013
Ilocos Norte,1658,1672,1684,1696,1708
Ilocos Norte,12451,12477,12498,12513,12523
Ilocos Norte,39850,40009,40152,40277,40386
Ilocos Norte,3332,3397,3461,3525,3589
Ilocos Norte,19865,19907,19941,19965,19981
Ilocos Norte,117032,117876,118675,119430,120140
Ilocos Norte,18471,18562,18646,18721,18789
Ilocos Norte,11662,12053,12452,12859,13273
Ilocos Norte,25759,26070,26374,26671,26960
Ilocos Norte,25595,25681,25755,25818,25871
Ilocos Norte,29791,29884,29963,30031,30085
Ilocos Norte,22254,22349,22435,22512,22580
Ilocos Norte,17729,17775,17814,17844,17867
Ilocos Norte,39252,39632,39998,40351,40691
Ilocos Norte,25729,25777,25814,25840,25854
Ilocos Norte,25131,25266,25391,25505,25610
Ilocos Norte,32969,33046,33108,33156,33190
Ilocos Sur,6843,6856,6867,6875,6879
Ilocos Sur,7919,7935,7947,7956,7961
Ilocos Sur,36810,36935,37043,37134,37208
Ilocos Sur,12670,12726,12776,12821,12860
Ilocos Sur,39021,39218,39399,39562,39709
Ilocos Sur,62880,63164,63421,63651,63852
Ilocos Sur,21117,21301,21477,21646,21806
Ilocos Sur,17683,17734,17778,17813,17840
Ilocos Sur,11464,11570,11672,11770,11863
Ilocos Sur,5648,5781,5914,6048,6182
Ilocos Sur,4868,4898,4927,4953,4977
Ilocos Sur,33338,33731,34115,34488,34851
Ilocos Sur,5559,5601,5642,5681,5717
Ilocos Sur,45040,45142,45224,45285,45324
Ilocos Sur,8757,8774,8787,8796,8801
Ilocos Sur,11565,11594,11617,11634,11647
Ilocos Sur,7546,7557,7565,7570,7570
Ilocos Sur,8614,8645,8673,8696,8716
Ilocos Sur,8541,8661,8779,8895,9008
Ilocos Sur,27417,27545,27661,27765,27857
Ilocos Sur,13821,13986,14146,14303,14454
Ilocos Sur,15700,15736,15765,15786,15800
Ilocos Sur,14267,14298,14323,14341,14353
Ilocos Sur,41543,41764,41967,42151,42318
Ilocos Sur,25999,26058,26105,26140,26163
Ilocos Sur,31888,32108,32314,32507,32687
Ilocos Sur,19401,19479,19548,19609,19661
Ilocos Sur,28632,28697,28749,28788,28813
Ilocos Sur,3097,3157,3217,3276,3336
Ilocos Sur,26242,26302,26350,26385,26408
Ilocos Sur,5545,5716,5890,6068,6247
Ilocos Sur,12259,12381,12499,12613,12722
Ilocos Sur,40525,40672,40801,40912,41004
Ilocos Sur,58036,58671,59287,59884,60461
La Union,66841,67238,67595,67914,68193
La Union,50057,50396,50707,50991,51244
La Union,43820,44023,44200,44351,44474
La Union,14389,14520,14644,14760,14868
La Union,40361,40473,40559,40621,40657
La Union,37328,37483,37615,37725,37812
La Union,79556,80167,80733,81256,81734
La Union,8298,8320,8336,8347,8352
La Union,22790,22869,22933,22984,23020
La Union,36752,36833,36891,36926,36938
La Union,61125,62233,63324,64402,65460
La Union,23809,24530,25257,25994,26736
La Union,58304,58667,58996,59293,59555
La Union,128997,129960,130849,131670,132416
La Union,19925,20192,20450,20701,20942
La Union,39380,39674,39945,40196,40423
La Union,42558,43076,43573,44053,44512
La Union,12924,12973,13013,13046,13070
La Union,17545,17590,17624,17647,17660
La Union,30577,30831,31068,31290,31494
Pangasinan,28723,28779,28819,28842,28849
Pangasinan,43305,43535,43741,43924,44083
Pangasinan,94312,94918,95473,95980,96436
Pangasinan,45704,46010,46292,46550,46784
Pangasinan,42076,42439,42781,43104,43405
Pangasinan,58714,58827,58906,58951,58962
Pangasinan,36598,37539,38483,39434,40385
Pangasinan,55395,56187,56960,57715,58448
Pangasinan,35748,36167,36571,36960,37334
Pangasinan,34507,34821,35119,35400,35664
Pangasinan,124916,125827,126674,127459,128177
Pangasinan,55982,56113,56211,56277,56311
Pangasinan,87333,87896,88414,88887,89312
Pangasinan,90549,91871,93162,94426,95655
Pangasinan,70283,70646,70971,71258,71506
Pangasinan,25837,26567,27303,28048,28796
Pangasinan,98899,99342,99731,100065,100344
Pangasinan,178396,179261,180027,180698,181268
Pangasinan,31370,31703,32022,32328,32618
Pangasinan,25654,25787,25905,26010,26100
Pangasinan,25486,25840,26185,26521,26847
Pangasinan,107523,108036,108489,108884,109219
Pangasinan,25379,25433,25472,25496,25505
Pangasinan,136847,137706,138493,139208,139849
Pangasinan,74710,75472,76200,76896,77555
Pangasinan,114177,115320,116409,117449,118433
Pangasinan,76317,76692,77026,77317,77566
Pangasinan,39835,40241,40628,40998,41349
Pangasinan,25948,26184,26407,26618,26815
Pangasinan,72892,73321,73710,74062,74373
Pangasinan,66445,66893,67306,67686,68029
Pangasinan,202874,204970,206974,208891,210709
Pangasinan,88286,89023,89716,90367,90973
Pangasinan,44200,44700,45181,45644,46087
Pangasinan,60087,61258,62419,63573,64712
Pangasinan,36918,37074,37209,37324,37418
Pangasinan,33743,33811,33859,33888,33897
Pangasinan,87607,88407,89164,89881,90554
Pangasinan,35013,35286,35540,35778,35997
Pangasinan,15586,15651,15707,15755,15794
Pangasinan,51312,51875,52415,52934,53428
Pangasinan,37394,37893,38378,38850,39307
Pangasinan,46486,46977,47448,47898,48327
Pangasinan,79447,80377,81274,82139,82968
Pangasinan,52398,52675,52925,53146,53338
Pangasinan,140452,141471,142417,143293,144094
Pangasinan,65492,65906,66285,66630,66940
Pangasinan,33616,33918,34203,34473,34726
Batanes,9340,9473,9610,9749,9890
Batanes,2753,2733,2714,2696,2677
Batanes,1411,1425,1440,1455,1470
Batanes,1544,1542,1540,1538,1537
Batanes,1610,1607,1606,1604,1602
Batanes,1355,1365,1375,1385,1395
Cagayan,34670,34965,35239,35492,35725
Cagayan,40317,40465,40587,40681,40749
Cagayan,35846,36155,36444,36712,36957
Cagayan,51054,51487,51889,52262,52603
Cagayan,70912,71664,72377,73052,73686
Cagayan,88264,89005,89694,90331,90913
Cagayan,36774,37117,37439,37741,38020
Cagayan,32224,32503,32764,33005,33227
Cagayan,17345,17413,17470,17515,17549
Cagayan,26727,26977,27212,27432,27636
Cagayan,30874,30962,31030,31077,31102
Cagayan,39713,40308,40885,41447,41990
Cagayan,58959,59210,59423,59598,59733
Cagayan,41956,42391,42804,43194,43559
Cagayan,30580,30988,31380,31759,32122
Cagayan,48191,48722,49226,49706,50158
Cagayan,41692,42036,42356,42650,42919
Cagayan,24348,24417,24470,24507,24528
Cagayan,50294,50465,50603,50707,50777
Cagayan,24428,24511,24577,24628,24662
Cagayan,18567,18620,18661,18689,18704
Cagayan,26079,26283,26472,26645,26801
Cagayan,35796,36219,36623,37009,37375
Cagayan,4794,4899,5004,5108,5210
Cagayan,20735,20985,21223,21451,21668
Cagayan,28562,28724,28868,28994,29102
Cagayan,89479,90489,91452,92369,93235
Cagayan,66175,66827,67441,68020,68558
Cagayan,170826,173506,176116,178662,181130
Isabela,78892,80022,81119,82184,83213
Isabela,45931,46325,46693,47035,47350
Isabela,36842,37072,37279,37465,37627
Isabela,31962,32299,32618,32921,33207
Isabela,24928,25067,25192,25300,25393
Isabela,54893,55600,56282,56939,57569
Isabela,41335,41570,41781,41966,42125
Isabela,136139,136967,137711,138374,138950
Isabela,44705,44907,45081,45227,45344
Isabela,5150,5163,5173,5179,5181
Isabela,6430,6549,6667,6782,6896
Isabela,83165,83676,84136,84546,84904
Isabela,30923,31026,31108,31171,31214
Isabela,155956,157410,158777,160060,161253
Isabela,47125,47266,47375,47455,47503
Isabela,20519,20678,20826,20962,21086
Isabela,5034,5167,5300,5434,5568
Isabela,27621,27730,27821,27894,27950
Isabela,32554,32844,33116,33370,33604
Isabela,34352,34702,35033,35347,35641
Isabela,18406,18563,18709,18846,18971
Isabela,27060,27204,27331,27442,27535
Isabela,26869,27226,27571,27904,28224
Isabela,55362,55692,55988,56251,56479
Isabela,31114,31792,32466,33137,33801
Isabela,65747,66286,66787,67252,67677
Isabela,23817,23923,24014,24089,24150
Isabela,22084,22366,22638,22900,23150
Isabela,27067,27394,27707,28007,28294
Isabela,33177,33320,33442,33543,33623
Isabela,59293,59841,60356,60839,61288
Isabela,67967,68409,68809,69169,69487
Isabela,29332,29985,30634,31281,31923
Isabela,28036,28443,28839,29223,29595
Isabela,139158,139576,139904,140141,140287
Isabela,24231,24387,24528,24655,24766
Isabela,78586,80408,82222,84034,85833
Nueva Vizcaya,17358,17693,18022,18346,18663
Nueva Vizcaya,38617,38753,38860,38938,38988
Nueva Vizcaya,36662,36762,36836,36881,36900
Nueva Vizcaya,60068,61100,62105,63087,64041
Nueva Vizcaya,65700,66254,66765,67232,67655
Nueva Vizcaya,19927,20193,20449,20694,20928
Nueva Vizcaya,29368,29612,29837,30043,30228
Nueva Vizcaya,20023,20127,20216,20291,20352
Nueva Vizcaya,42745,43540,44320,45085,45832
Nueva Vizcaya,26236,26615,26980,27332,27670
Nueva Vizcaya,22841,23094,23333,23558,23769
Nueva Vizcaya,18195,18508,18814,19112,19402
Nueva Vizcaya,62830,63236,63598,63916,64189
Nueva Vizcaya,19209,19278,19333,19374,19400
Nueva Vizcaya,8459,8527,8589,8645,8696
Quirino,29071,29240,29396,29536,29663
Quirino,31293,31358,31406,31437,31453
Quirino,56329,56885,57419,57927,58414
Quirino,41104,41485,41848,42193,42521
Quirino,17526,17752,17971,18185,18393
Quirino,24150,24220,24278,24322,24355
Bataan,42252,42491,42676,42818,42888
Bataan,28428,28576,28689,28758,28811
Bataan,105426,106447,107289,107897,108442
Bataan,116868,118040,119021,119750,120411
Bataan,77327,79360,81409,83495,85555
Bataan,82607,85255,87945,90704,93457
Bataan,145635,148073,150311,152385,154188
Bataan,34661,35495,36333,37184,38020
Bataan,73941,75113,76268,77425,78530
Bataan,61461,62362,63247,64132,64971
Bataan,43854,43937,44013,44093,44149
Bataan,37014,37083,37147,37214,37261
Bulacan,62599,62929,63189,63381,63504
Bulacan,84207,86059,87943,89866,91817
Bulacan,154417,154856,155202,155457,155619
Bulacan,135415,138238,141108,144032,146995
Bulacan,82020,82555,82980,83296,83500
Bulacan,71064,71459,71771,72002,72149
Bulacan,114988,115599,116082,116438,116664
Bulacan,107235,107974,108559,108992,109270
Bulacan,132792,133087,133321,133493,133604
Bulacan,265971,267333,268409,269202,269706
Bulacan,247635,250196,252236,253761,254760
Bulacan,216533,217263,217840,218264,218533
Bulacan,116487,116991,117388,117679,117862
Bulacan,60170,60267,60344,60402,60440
Bulacan,122157,126708,130966,134940,138610
Bulacan,55170,55354,55499,55606,55674
Bulacan,111993,112404,112728,112966,113115
Bulacan,112533,115228,117959,120735,123540
Bulacan,116721,118825,120940,123072,125208
Bulacan,746118,775160,804212,833353,862424
Bulacan,167058,168356,169389,170159,170661
Bulacan,104074,105006,105749,106305,106670
Bulacan,296207,300215,303444,305901,307572
Bulacan,25219,25473,25676,25828,25928
Nueva Ecija,70763,72059,73378,74723,76086
Nueva Ecija,70156,71218,72296,73391,74498
Nueva Ecija,339722,346493,353390,360434,367583
Nueva Ecija,87697,89255,90838,92452,94087
Nueva Ecija,46212,47129,48064,49018,49986
Nueva Ecija,72113,73379,74667,75979,77309
Nueva Ecija,39323,40030,40749,41481,42223
Nueva Ecija,121274,123229,125213,127233,129275
Nueva Ecija,48065,49241,50444,51677,52934
Nueva Ecija,54586,55811,57061,58341,59642
Nueva Ecija,136472,139734,143070,146488,149969
Nueva Ecija,80840,82208,83598,85013,86446
Nueva Ecija,40029,40818,41622,42442,43275
Nueva Ecija,30809,31262,31721,32188,32659
Nueva Ecija,44096,44884,45685,46502,47330
Nueva Ecija,47292,47910,48535,49169,49809
Nueva Ecija,88931,90252,91592,92953,94329
Nueva Ecija,17078,17465,17861,18266,18678
Nueva Ecija,45865,46733,47616,48518,49432
Nueva Ecija,33146,33723,34309,34906,35511
Nueva Ecija,32968,33519,34078,34648,35225
Nueva Ecija,45575,46474,47390,48325,49274
Nueva Ecija,72997,74619,76275,77969,79692
Nueva Ecija,83655,84678,85712,86760,87816
Nueva Ecija,56327,57164,58012,58874,59744
Nueva Ecija,152495,154758,157052,159384,161740
Nueva Ecija,74530,76213,77931,79689,81479
Nueva Ecija,75593,76677,77776,78893,80021
Nueva Ecija,66998,68661,70363,72108,73887
Nueva Ecija,140464,143290,146169,149109,152094
Nueva Ecija,27051,27639,28238,28852,29475
Nueva Ecija,56129,57354,58605,59884,61185
Pampanga,530140,549676,569081,588409,607553
Pampanga,114960,115696,116302,116782,117133
Pampanga,147624,149451,151116,152626,153970
Pampanga,50416,52209,53985,55750,57494
Pampanga,122106,123414,124586,125627,126529
Pampanga,142494,144914,147190,149326,151312
Pampanga,124087,124731,125237,125606,125837
Pampanga,171789,172971,173961,174762,175369
Pampanga,295127,301699,308010,314076,319865
Pampanga,81473,82106,82648,83100,83460
Pampanga,124127,125505,126746,127855,128823
Pampanga,62387,63046,63636,64159,64611
Pampanga,162855,163616,164197,164598,164818
Pampanga,51926,52437,52890,53287,53625
Pampanga,139783,141870,143809,145607,147251
Pampanga,329695,332305,334546,336426,337932
Pampanga,59662,60373,61019,61601,62117
Pampanga,58837,59566,60232,60834,61371
Pampanga,58617,58971,59258,59482,59639
Pampanga,43355,43588,43774,43911,44000
Pampanga,43102,43378,43606,43786,43918
Pampanga,28774,28881,28980,29074,29160
Tarlac,12296,12406,12511,12611,12705
Tarlac,78044,79194,80258,81240,82133
Tarlac,86751,87307,87852,88389,88914
Tarlac,157668,160008,162173,164171,165988
Tarlac,171507,173845,176014,178023,179856
Tarlac,92727,93491,94221,94921,95585
Tarlac,67558,68086,68593,69081,69548
Tarlac,34887,35257,35604,35931,36234
Tarlac,59664,59985,60306,60631,60955
Tarlac,98309,99141,99934,100694,101413
Tarlac,24602,24748,24892,25035,25177
Tarlac,22637,22825,23006,23178,23342
Tarlac,12839,12883,12931,12982,13037
Tarlac,26922,27133,27335,27531,27717
Tarlac,52006,52620,53192,53726,54218
Tarlac,371081,375061,378794,382299,385548
Tarlac,68089,68716,69309,69873,70403
Tarlac,38952,39333,39694,40034,40352
Zambales,61163,61596,61986,62333,62637
Zambales,27502,27816,28108,28378,28624
Zambales,29578,29899,30196,30470,30718
Zambales,87970,91725,95439,99121,102752
Zambales,54640,55186,55689,56149,56565
Zambales,51418,51903,52348,52753,53117
Zambales,245334,246835,248172,249345,250352
Zambales,36647,36851,37032,37188,37320
Zambales,36301,36548,36787,37017,37239
Zambales,24385,24532,24662,24775,24873
Zambales,35530,35760,35965,36147,36304
Zambales,29796,29970,30124,30258,30373
Zambales,62875,63498,64072,64596,65070
Zambales,123483,126231,128861,131379,133774
Aurora,43873,44537,45183,45812,46421
Aurora,24819,24866,24902,24928,24942
Aurora,16048,16072,16093,16111,16126
Aurora,11682,11717,11744,11764,11776
Aurora,27774,28112,28438,28750,29047
Aurora,32081,32405,32708,32992,33254
Aurora,43795,44250,44688,45110,45513
Aurora,29768,30064,30327,30559,30758
Batangas,40594,41007,41416,41823,42224
Batangas,27172,27481,27787,28093,28395
Batangas,101412,103263,105127,107009,108900
Batangas,25655,26179,26708,27243,27783
Batangas,357866,362543,367211,371881,376528
Batangas,103486,105619,107775,109959,112160
Batangas,96386,99009,101681,104410,107182
Batangas,61636,62510,63384,64261,65135
Batangas,34458,34722,34982,35238,35487
Batangas,58255,59153,60053,60957,61862
Batangas,43966,44745,45529,46321,47114
Batangas,107318,109830,112378,114970,117590
Batangas,61128,62640,64176,65740,67325
Batangas,395863,407419,419222,431302,443596
Batangas,46920,47866,48821,49787,50761
Batangas,48128,48422,48708,48988,49258
Batangas,70378,73037,75777,78605,81506
Batangas,31484,31865,32244,32622,32998
Batangas,147856,150197,152545,154907,157271
Batangas,52232,52886,53538,54189,54836
Batangas,130211,132529,134861,137215,139577
Batangas,87346,89163,91001,92862,94739
Batangas,126716,129966,133271,136642,140059
Batangas,35974,36447,36918,37390,37859
Batangas,25026,25437,25849,26265,26681
Batangas,72337,73517,74703,75897,77092
Batangas,26147,27086,28052,29047,30067
Batangas,270626,289895,310302,331908,354593
Batangas,62017,62985,63955,64931,65907
Batangas,52470,53748,55045,56366,57703
Batangas,199548,204190,208897,213683,218522
Batangas,41040,41544,42046,42547,43045
Batangas,19090,19281,19469,19657,19841
Batangas,47181,47751,48318,48885,49447
Cavite,53954,54137,54270,54353,54385
Cavite,41742,42130,42431,42645,42772
Cavite,662111,667919,672403,675569,677401
Cavite,130887,137562,144538,151837,159420
Cavite,104423,104684,104943,105200,105453
Cavite,717044,722460,726605,729482,731079
Cavite,28978,30309,31694,33138,34632
Cavite,367751,373016,377186,380267,382242
Cavite,559453,591234,624602,659654,696201
Cavite,67890,68084,68222,68305,68332
Cavite,87217,87545,87785,87938,88002
Cavite,24006,24120,24206,24262,24289
Cavite,40536,41026,41521,42022,42526
Cavite,34338,34600,34801,34942,35021
Cavite,144777,151320,158130,165224,172565
Cavite,48948,49231,49444,49588,49662
Cavite,135518,140218,145066,150076,155221
Cavite,285782,289450,292348,294480,295835
Cavite,80059,80910,81574,82054,82346
Cavite,261668,265133,267872,269889,271173
Cavite,28347,29330,30344,31392,32468
Cavite,224471,231981,238322,243504,247501
Cavite,175695,179404,183183,187042,190962
Laguna,51871,52417,52926,53398,53831
Laguna,68213,69045,69823,70547,71214
Laguna,382438,389392,395944,402112,407862
Laguna,372260,381438,390168,398474,406308
Laguna,518853,527883,536380,544370,551805
Laguna,85453,86125,86747,87322,87846
Laguna,22465,22565,22657,22742,22818
Laguna,18044,18243,18429,18601,18759
Laguna,25448,25746,26025,26284,26522
Laguna,39056,39390,39700,39986,40247
Laguna,121380,122656,123844,124947,125958
Laguna,20046,20087,20125,20160,20192
Laguna,31655,31787,31907,32018,32118
Laguna,22306,22549,22774,22984,23176
Laguna,27387,27675,27944,28194,28423
Laguna,28864,29006,29136,29255,29363
Laguna,65972,66359,66716,67045,67342
Laguna,26496,26683,26856,27016,27161
Laguna,44720,45064,45382,45675,45942
Laguna,21202,21273,21338,21397,21452
Laguna,25197,25319,25431,25533,25626
Laguna,53691,54150,54576,54969,55329
Laguna,18880,19103,19311,19505,19683
Laguna,281399,283453,285354,287107,288703
Laguna,355208,359226,362970,366453,369652
Laguna,123474,124256,124978,125643,126246
Laguna,34710,35250,35757,36232,36672
Laguna,426536,437051,447052,456568,465544
Laguna,40504,40832,41136,41417,41673
Laguna,43854,44482,45069,45619,46128
Quezon,14421,14656,14883,15103,15313
Quezon,15921,15945,15963,15973,15976
Quezon,65445,65671,65865,66028,66158
Quezon,31143,31272,31385,31484,31566
Quezon,29919,30391,30845,31283,31702
Quezon,77626,78229,78790,79308,79782
Quezon,125360,126444,127459,128404,129276
Quezon,77260,78144,78982,79778,80526
Quezon,30224,30393,30545,30682,30803
Quezon,27754,27914,28060,28191,28307
Quezon,34423,35156,35871,36570,37250
Quezon,49290,49885,50451,50990,51499
Quezon,78789,79459,80085,80668,81206
Quezon,74023,74707,75348,75949,76506
Quezon,8045,8134,8218,8298,8374
Quezon,99773,100361,100897,101380,101810
Quezon,57262,58119,58944,59737,60494
Quezon,289717,293074,296263,299290,302140
Quezon,30244,30529,30797,31048,31282
Quezon,66827,67208,67555,67867,68143
Quezon,55709,56040,56341,56613,56855
Quezon,25280,25704,26114,26511,26892
Quezon,86357,88106,89808,91469,93080
Quezon,14772,14949,15116,15275,15426
Quezon,15451,15564,15667,15763,15850
Quezon,12472,12507,12538,12565,12587
Quezon,24947,25221,25480,25725,25955
Quezon,11746,11859,11965,12065,12158
Quezon,33509,33933,34337,34723,35088
Quezon,15540,15573,15601,15624,15641
Quezon,36820,36902,36967,37015,37046
Quezon,14829,14955,15073,15182,15283
Quezon,38324,38676,39006,39314,39600
Quezon,35513,35788,36043,36279,36495
Quezon,65498,66045,66556,67032,67469
Quezon,52038,52536,53003,53442,53850
Quezon,160786,162447,164015,165494,166876
Quezon,52899,53014,53110,53188,53248
Quezon,109773,111230,112623,113955,115219
Quezon,109391,110795,112136,113416,114628
Quezon,28859,29133,29391,29633,29857
Rizal,120430,121210,121866,122398,122805
Rizal,857793,866490,873730,879528,883851
Rizal,129303,142622,156852,172036,188090
Rizal,309470,312695,315536,317997,320067
Rizal,326875,327425,327905,328313,328649
Rizal,49814,49909,49995,50070,50135
Rizal,33133,33257,33374,33484,33585
Rizal,450506,459167,466365,472113,476379
Rizal,63891,64586,65200,65735,66188
Rizal,67781,68074,68307,68479,68590
Rizal,307845,317251,326677,336149,345614
Rizal,140463,144589,148802,153115,157504
Rizal,338660,340653,342266,343501,344353
Rizal,70059,72143,74230,76324,78415
Albay,72513,72962,73366,73724,74035
Albay,70692,71179,71621,72020,72375
Albay,139641,141623,143542,145402,147195
Albay,90006,91140,92230,93277,94277
Albay,17767,17833,17896,17955,18011
Albay,213792,216301,218697,220988,223161
Albay,79323,79851,80330,80759,81138
Albay,118918,119942,120897,121783,122596
Albay,40359,40710,41038,41343,41624
Albay,48223,48616,48980,49315,49621
Albay,26960,27293,27613,27919,28211
Albay,71563,72014,72420,72781,73097
Albay,48534,48734,48901,49037,49140
Albay,95178,96169,97108,97996,98829
Albay,38099,38266,38425,38574,38714
Albay,37998,38441,38863,39267,39650
Albay,144179,145639,147019,148320,149538
Albay,56533,56991,57415,57806,58162
Camarines Norte,43907,44300,44667,45007,45318
Camarines Norte,33933,34144,34333,34499,34643
Camarines Norte,114787,116263,117680,119038,120333
Camarines Norte,15724,15982,16233,16478,16716
Camarines Norte,63778,64339,64860,65342,65784
Camarines Norte,110907,112365,113768,115115,116402
Camarines Norte,53968,54375,54747,55084,55387
Camarines Norte,65743,66753,67734,68687,69608
Camarines Norte,10808,10852,10888,10916,10937
Camarines Norte,42016,42120,42195,42239,42253
Camarines Norte,27853,28136,28402,28651,28884
Camarines Norte,45977,46293,46578,46834,47059
Camarines Sur,62448,62946,63411,63846,64247
Camarines Sur,33008,33304,33584,33849,34096
Camarines Sur,55742,56257,56745,57207,57640
Camarines Sur,17508,17645,17774,17893,18003
Camarines Sur,80074,80414,80707,80957,81160
Camarines Sur,71858,72126,72354,72543,72690
Camarines Sur,19040,19111,19172,19222,19261
Camarines Sur,87532,88132,88685,89193,89653
Camarines Sur,25865,26119,26361,26591,26808
Camarines Sur,35854,36064,36255,36427,36578
Camarines Sur,50023,50338,50627,50889,51123
Camarines Sur,27659,28001,28332,28653,28960
Camarines Sur,12137,12265,12388,12506,12617
Camarines Sur,28689,28922,29141,29346,29535
Camarines Sur,67848,68504,69126,69717,70274
Camarines Sur,117018,117686,118290,118831,119306
Camarines Sur,58853,59321,59759,60168,60546
Camarines Sur,117009,118223,119383,120491,121541
Camarines Sur,34060,34319,34561,34785,34991
Camarines Sur,26983,27150,27303,27442,27565
Camarines Sur,33720,34104,34472,34826,35164
Camarines Sur,56417,57008,57573,58112,58624
Camarines Sur,87199,87592,87935,88231,88476
Camarines Sur,216904,220185,223391,226531,229587
Camarines Sur,48108,48385,48635,48860,49057
Camarines Sur,38122,38342,38542,38722,38880
Camarines Sur,51885,52274,52635,52971,53278
Camarines Sur,96441,97453,98420,99345,100222
Camarines Sur,21859,21963,22055,22134,22201
Camarines Sur,61198,61589,61947,62273,62564
Camarines Sur,37687,38165,38628,39076,39507
Camarines Sur,37056,37291,37506,37701,37876
Camarines Sur,42513,42752,42967,43160,43329
Camarines Sur,67122,67372,67585,67762,67901
Camarines Sur,18386,18454,18513,18561,18598
Camarines Sur,62000,63081,64146,65197,66229
Camarines Sur,72427,73128,73794,74426,75022
Catanduanes,11873,11908,11937,11961,11979
Catanduanes,13286,13339,13385,13426,13459
Catanduanes,22369,22519,22660,22792,22912
Catanduanes,31803,32052,32288,32512,32721
Catanduanes,8618,8646,8670,8690,8706
Catanduanes,21409,21527,21635,21733,21822
Catanduanes,9524,9548,9567,9582,9593
Catanduanes,37805,37917,38009,38084,38140
Catanduanes,15757,15860,15956,16045,16127
Catanduanes,22285,22360,22425,22479,22522
Catanduanes,80314,81356,82372,83368,84335
Masbate,95520,97012,98477,99919,101330
Masbate,27537,27736,27921,28094,28253
Masbate,40041,40298,40535,40753,40952
Masbate,16263,16439,16609,16773,16929
Masbate,51534,51644,51727,51782,51811
Masbate,70310,70745,71146,71513,71845
Masbate,45414,45625,45813,45978,46120
Masbate,26919,26993,27053,27099,27131
Masbate,19598,19740,19873,19997,20111
Masbate,43958,44347,44715,45065,45394
Masbate,104724,106186,107614,109010,110369
Masbate,61770,62408,63020,63608,64169
Masbate,42379,42931,43469,43992,44499
Masbate,27620,27742,27849,27943,28022
Masbate,26934,27006,27063,27106,27136
Masbate,23793,23844,23882,23908,23921
Masbate,57164,57285,57377,57439,57472
Masbate,24579,24799,25007,25206,25392
Masbate,32473,32779,33072,33351,33615
Masbate,48187,48357,48501,48621,48715
Masbate,58228,58473,58688,58874,59029
Sorsogon,21735,21809,21867,21911,21940
Sorsogon,107268,108259,109186,110051,110849
Sorsogon,23797,23894,23976,24042,24091
Sorsogon,34998,35287,35554,35800,36024
Sorsogon,63742,64635,65497,66331,67132
Sorsogon,52191,52490,52754,52985,53181
Sorsogon,62071,62354,62594,62794,62951
Sorsogon,62537,63426,64286,65119,65919
Sorsogon,34648,34969,35269,35550,35809
Sorsogon,38879,39101,39297,39468,39612
Sorsogon,45253,45878,46481,47064,47623
Sorsogon,82152,83296,84400,85468,86493
Sorsogon,24807,25167,25515,25852,26176
Sorsogon,17364,17410,17443,17464,17474
Sorsogon,183556,185830,188007,190094,192078
Aklan,25182,25271,25357,25443,25525
Aklan,30368,30541,30694,30826,30937
Aklan,40527,40656,40773,40878,40969
Aklan,33804,34103,34401,34700,34997
Aklan,20823,21087,21338,21577,21803
Aklan,53896,54648,55405,56170,56938
Aklan,86107,86739,87286,87749,88124
Aklan,15722,15803,15883,15962,16040
Aklan,28413,28434,28452,28468,28481
Aklan,18521,18537,18552,18566,18578
Aklan,29076,29367,29653,29935,30212
Aklan,59606,60256,60770,61150,61392
Aklan,23278,23286,23291,23294,23295
Aklan,41687,42635,43598,44581,45577
Aklan,46689,46913,47119,47308,47477
Aklan,33621,33852,34067,34267,34451
Aklan,23628,23872,24103,24322,24527
Antique,21897,21971,22033,22083,22121
Antique,23469,23552,23622,23679,23723
Antique,14214,14302,14382,14455,14520
Antique,34777,34901,35005,35090,35155
Antique,42234,43401,44576,45763,46956
Antique,43176,43424,43650,43852,44030
Antique,35447,35795,36126,36442,36740
Antique,50993,51304,51588,51845,52075
Antique,26835,26911,26971,27017,27047
Antique,17090,17168,17238,17298,17348
Antique,36024,36243,36443,36623,36784
Antique,39110,39366,39600,39815,40008
Antique,67324,68027,68700,69343,69954
Antique,33234,33389,33527,33646,33746
Antique,18521,18589,18646,18693,18729
Antique,64571,65185,65769,66323,66845
Antique,29101,29457,29802,30135,30455
Antique,19772,19842,19902,19951,19988
Capiz,29800,30228,30662,31105,31553
Capiz,33182,33303,33425,33549,33674
Capiz,29669,29707,29745,29785,29825
Capiz,48753,49211,49674,50145,50620
Capiz,31888,32396,32914,33442,33977
Capiz,38677,39030,39387,39749,40115
Capiz,40801,41223,41650,42084,42522
Capiz,42008,42426,42848,43278,43711
Capiz,49334,49906,50485,51074,51668
Capiz,43187,43701,44223,44753,45290
Capiz,49894,50723,51567,52428,53302
Capiz,49953,50580,51216,51863,52518
Capiz,30998,31230,31465,31703,31944
Capiz,180155,182497,184873,187293,189739
Capiz,27059,27277,27497,27721,27946
Capiz,31310,31517,31726,31938,32151
Capiz,55279,55984,56700,57429,58166
Iloilo,57605,58464,59288,60078,60831
Iloilo,39641,39791,39907,39990,40040
Iloilo,29605,29717,29804,29865,29902
Iloilo,27872,27978,28059,28118,28152
Iloilo,36724,37315,37886,38437,38965
Iloilo,35669,36169,36647,37103,37534
Iloilo,55906,56120,56288,56409,56482
Iloilo,50401,51138,51844,52521,53163
Iloilo,23292,23609,23910,24197,24468
Iloilo,17183,17514,17837,18154,18461
Iloilo,61618,62073,62479,62836,63144
Iloilo,66830,67870,68870,69832,70752
Iloilo,73669,74523,75325,76077,76774
Iloilo,46751,47311,47838,48334,48795
Iloilo,46975,47183,47353,47483,47574
Iloilo,35342,35475,35579,35653,35697
Iloilo,71465,71758,71991,72165,72278
Iloilo,55225,56348,57449,58529,59582
Iloilo,35006,35155,35275,35366,35427
Iloilo,33032,33157,33253,33323,33364
Iloilo,472185,473326,474467,475611,476752
Iloilo,65957,66206,66400,66538,66620
Iloilo,77917,78538,79099,79599,80038
Iloilo,35690,36205,36696,37167,37614
Iloilo,34625,35249,35856,36447,37018
Iloilo,51805,52057,52265,52431,52553
Iloilo,38488,38698,38876,39023,39137
Iloilo,69975,70280,70526,70715,70844
Iloilo,25280,25545,25790,26018,26227
Iloilo,24102,24213,24303,24374,24424
Iloilo,95520,96492,97393,98226,98985
Iloilo,83131,83445,83688,83863,83966
Iloilo,71907,74980,78118,81330,84596
Iloilo,78685,79187,79626,80001,80312
Iloilo,44742,45763,46769,47764,48741
Iloilo,35088,35235,35353,35442,35501
Iloilo,53558,53761,53918,54030,54097
Iloilo,30532,30991,31431,31853,32256
Iloilo,18625,18973,19312,19643,19964
Iloilo,64964,65697,66384,67026,67619
Iloilo,58963,60007,61022,62008,62960
Iloilo,66298,66818,67286,67703,68067
Iloilo,23135,23217,23279,23321,23344
Iloilo,27487,27774,28040,28287,28514
Negros Occidental,611261,619084,626753,634291,641653
Negros Occidental,176665,177378,178019,178590,179086
Negros Occidental,68606,68732,68829,68896,68935
Negros Occidental,157795,158085,158308,158464,158552
Negros Occidental,82165,82306,82412,82483,82518
Negros Occidental,22222,22263,22294,22316,22328
Negros Occidental,106177,106710,107201,107651,108057
Negros Occidental,65711,66095,66454,66788,67095
Negros Occidental,97288,97696,98064,98394,98683
Negros Occidental,109122,109343,109517,109645,109727
Negros Occidental,88088,88383,88641,88864,89049
Negros Occidental,58173,58318,58438,58535,58606
Negros Occidental,59668,59972,60252,60509,60742
Negros Occidental,63894,64099,64277,64429,64553
Negros Occidental,195447,197520,199534,201494,203389
Negros Occidental,65859,65999,66111,66195,66250
Negros Occidental,77794,78185,78545,78874,79172
Negros Occidental,56199,56347,56471,56573,56649
Negros Occidental,43017,43234,43434,43617,43783
Negros Occidental,86893,87745,88570,89368,90137
Negros Occidental,55499,56052,56588,57108,57609
Negros Occidental,30058,30423,30780,31130,31471
Negros Occidental,149598,149945,150229,150451,150608
Negros Occidental,134959,135172,135327,135425,135464
Negros Occidental,24568,24645,24711,24768,24815
Negros Occidental,131198,131736,132220,132652,133029
Negros Occidental,71692,71863,72003,72113,72193
Negros Occidental,105488,105894,106255,106575,106850
Negros Occidental,42959,43040,43102,43146,43171
Negros Occidental,38681,38769,38840,38895,38933
Negros Occidental,90054,90283,90474,90627,90742
Negros Occidental,27588,27885,28174,28455,28727
Guimaras,54362,54938,55488,56013,56513
Guimaras,37520,37687,37832,37956,38058
Guimaras,41648,41879,42086,42269,42430
Guimaras,28338,28671,28992,29300,29596
Guimaras,25143,25572,25978,26362,26725
Bohol,11102,11175,11242,11303,11358
Bohol,24629,24775,24910,25033,25143
Bohol,16566,16587,16609,16632,16657
Bohol,14516,14535,14554,14574,14595
Bohol,22431,22667,22882,23077,23250
Bohol,18580,18671,18755,18832,18902
Bohol,13162,13237,13314,13394,13475
Bohol,18027,18089,18147,18201,18252
Bohol,27470,27509,27549,27591,27634
Bohol,31500,31592,31679,31763,31842
Bohol,29861,29922,29982,30041,30099
Bohol,48781,49104,49400,49669,49911
Bohol,22819,22848,22878,22910,22943
Bohol,20430,20455,20482,20511,20541
Bohol,9209,9302,9388,9465,9533
Bohol,18515,18716,18899,19064,19210
Bohol,19417,19457,19497,19536,19575
Bohol,18003,18026,18050,18075,18101
Bohol,51739,52523,53237,53883,54457
Bohol,14455,14473,14492,14513,14534
Bohol,18140,18180,18220,18258,18296
Bohol,25234,25371,25498,25615,25720
Bohol,32958,33041,33120,33197,33271
Bohol,48225,48532,48813,49070,49300
Bohol,35078,35237,35385,35522,35648
Bohol,33947,34331,34681,34997,35277
Bohol,12499,12534,12567,12599,12630
Bohol,17073,17127,17179,17227,17273
Bohol,16094,16115,16136,16158,16182
Bohol,43253,43301,43353,43409,43468
Bohol,27343,27378,27414,27452,27492
Bohol,20866,20898,20930,20964,20998
Bohol,40059,41300,42583,43911,45277
Bohol,27586,27639,27692,27744,27796
Bohol,23425,23445,23468,23494,23522
Bohol,24459,24732,24979,25203,25402
Bohol,8799,8811,8822,8834,8847
Bohol,24633,24705,24774,24839,24901
Bohol,10855,10883,10911,10937,10962
Bohol,24796,24815,24837,24862,24890
Bohol,7038,7079,7117,7152,7183
Bohol,112679,113663,114559,115371,116093
Bohol,72161,72830,73439,73990,74480
Bohol,34898,35276,35620,35931,36207
Bohol,46774,46902,47025,47143,47255
Bohol,78415,79024,79580,80085,80535
Bohol,27298,27332,27368,27407,27447
Bohol,28302,28459,28604,28736,28856
Cebu,17076,17371,17656,17934,18203
Cebu,19747,20196,20639,21079,21511
Cebu,24596,24748,24881,24995,25089
Cebu,37713,38636,39551,40462,41363
Cebu,74978,75206,75371,75475,75517
Cebu,51017,51417,51779,52102,52386
Cebu,40041,40250,40416,40542,40624
Cebu,108301,111568,114751,117856,120867
Cebu,83647,84192,84672,85088,85437
Cebu,83947,85522,87060,88564,90028
Cebu,87915,89416,90873,92288,93656
Cebu,17843,18055,18255,18444,18620
Cebu,40258,40993,41710,42409,43088
Cebu,134339,136576,138743,140846,142873
Cebu,59634,60978,62306,63621,64915
Cebu,32863,33186,33485,33761,34013
Cebu,978031,983703,988309,991859,994331
Cebu,53723,54496,55210,55864,56456
Cebu,162192,166900,171472,175920,180219
Cebu,70712,72321,73858,75328,76721
Cebu,95961,97762,99520,101241,102914
Cebu,72140,72737,73281,73772,74207
Cebu,157763,161183,164552,167880,171148
Cebu,56349,57095,57805,58481,59120
Cebu,16500,16551,16589,16613,16623
Cebu,474302,483720,492631,501057,508950
Cebu,138818,141699,144433,147027,149466
Cebu,37838,37968,38068,38136,38174
Cebu,20358,20468,20563,20641,20702
Cebu,395392,399375,402913,406012,408654
Cebu,61529,62454,63343,64199,65017
Cebu,153976,157097,160054,162855,165484
Cebu,35294,35941,36572,37189,37788
Cebu,133178,135957,138688,141379,144016
Cebu,29651,29836,29988,30107,30194
Cebu,11686,11716,11736,11748,11749
Cebu,75707,77256,78777,80273,81737
Cebu,27106,27357,27589,27802,27994
Cebu,22412,22710,22994,23264,23520
Cebu,23611,24033,24444,24844,25232
Cebu,71754,72399,72964,73450,73854
Cebu,65096,66735,68364,69987,71596
Cebu,64937,66073,67178,68254,69295
Cebu,29843,29944,30014,30053,30060
Cebu,19921,20232,20531,20820,21097
Cebu,53503,54294,55053,55783,56480
Cebu,40663,41558,42441,43314,44171
Cebu,46744,48046,49348,50653,51953
Cebu,29785,30457,31122,31779,32427
Cebu,257387,261411,265147,268603,271760
Cebu,183931,185514,186891,188066,189030
Cebu,69464,70245,70979,71668,72307
Cebu,13076,13362,13645,13924,14198
Negros Oriental,24621,24756,24882,24998,25104
Negros Oriental,47108,47175,47221,47248,47254
Negros Oriental,40800,41506,42207,42905,43597
Negros Oriental,78058,78243,78395,78514,78601
Negros Oriental,27761,27925,28079,28223,28356
Negros Oriental,120897,121228,121509,121739,121919
Negros Oriental,40611,40686,40743,40782,40805
Negros Oriental,57582,58029,58456,58864,59250
Negros Oriental,30097,30460,30814,31161,31499
Negros Oriental,140254,141596,142892,144147,145352
Negros Oriental,97649,97789,97887,97944,97959
Negros Oriental,32306,32492,32666,32828,32977
Negros Oriental,39286,39344,39384,39409,39416
Negros Oriental,82123,82562,82968,83343,83685
Negros Oriental,43219,43306,43374,43424,43456
Negros Oriental,39731,40043,40340,40624,40894
Negros Oriental,21387,21524,21652,21773,21885
Negros Oriental,77640,77846,78019,78160,78268
Negros Oriental,80662,81052,81409,81735,82028
Negros Oriental,67911,69348,70786,72231,73674
Negros Oriental,81933,82049,82129,82175,82186
Negros Oriental,36334,36428,36505,36568,36616
Negros Oriental,37995,38494,38984,39466,39938
Negros Oriental,39347,39475,39586,39681,39759
Negros Oriental,29885,30252,30611,30963,31306
Siquijor,6248,6261,6271,6278,6281
Siquijor,14817,14958,15094,15225,15348
Siquijor,21041,21096,21139,21174,21196
Siquijor,14213,14252,14284,14310,14327
Siquijor,16353,16589,16820,17048,17270
Siquijor,28554,28795,29024,29242,29446
Eastern Samar,16930,17087,17246,17406,17568
Eastern Samar,15633,15910,16193,16480,16772
Eastern Samar,11411,11644,11881,12123,12370
Eastern Samar,74630,75570,76521,77486,78459
Eastern Samar,22326,22555,22787,23021,23256
Eastern Samar,48865,49958,51075,52218,53380
Eastern Samar,17592,18167,18758,19369,19996
Eastern Samar,14787,15053,15323,15598,15877
Eastern Samar,60160,61464,62794,64155,65539
Eastern Samar,9109,9203,9298,9394,9490
Eastern Samar,8411,8503,8596,8690,8785
Eastern Samar,14043,14275,14511,14752,14995
Eastern Samar,21240,21430,21622,21815,22009
Eastern Samar,6165,6304,6445,6589,6736
Eastern Samar,16008,16232,16459,16690,16923
Eastern Samar,6919,7073,7231,7393,7558
Eastern Samar,38369,38686,39006,39329,39653
Eastern Samar,15794,15973,16152,16335,16518
Eastern Samar,25624,26187,26762,27350,27947
Eastern Samar,15278,15414,15551,15689,15828
Eastern Samar,15592,15751,15910,16072,16234
Eastern Samar,15482,15499,15517,15534,15552
Eastern Samar,20921,21280,21645,22017,22393
Leyte,61490,61816,62142,62468,62794
Leyte,66200,68256,70369,72547,74777
Leyte,53029,54250,55497,56772,58068
Leyte,30074,30475,30880,31291,31705
Leyte,35475,35956,36442,36935,37432
Leyte,41078,41554,42035,42520,43009
Leyte,115604,116673,117748,118832,119919
Leyte,56610,57289,57975,58668,59366
Leyte,32648,32892,33137,33384,33630
Leyte,37881,38650,39434,40234,41046
Leyte,55283,55974,56672,57379,58090
Leyte,39182,39906,40641,41391,42150
Leyte,53616,54761,55927,57119,58329
Leyte,70753,72067,73402,74762,76140
Leyte,21469,21561,21653,21745,21836
Leyte,20983,21056,21128,21200,21272
Leyte,50197,50771,51349,51934,52522
Leyte,46963,47628,48300,48982,49670
Leyte,26775,27017,27260,27505,27751
Leyte,17184,17560,17943,18335,18733
Leyte,67026,68971,70968,73022,75121
Leyte,20704,20824,20945,21066,21186
Leyte,43817,44375,44939,45510,46085
Leyte,24045,24559,25082,25617,26160
Leyte,28830,29002,29174,29347,29519
Leyte,19636,19857,20079,20304,20530
Leyte,35026,35356,35688,36023,36359
Leyte,20135,20685,21249,21828,22419
Leyte,32647,33140,33640,34147,34659
Leyte,241779,246602,251511,256518,261598
Leyte,78145,79598,81074,82577,84101
Leyte,61954,62624,63300,63983,64669
Leyte,19364,19602,19843,20087,20333
Leyte,34988,35585,36191,36808,37432
Leyte,21425,21782,22145,22513,22886
Leyte,24095,24774,25470,26185,26916
Leyte,36383,36764,37147,37535,37924
Leyte,12777,13063,13355,13654,13957
Leyte,264011,267889,271815,275798,279819
Leyte,60204,61123,62053,62998,63952
Leyte,24677,25363,26066,26788,27525
Leyte,8864,9100,9342,9591,9844
Leyte,44959,45497,46039,46587,47139
Northern Samar,27038,27253,27453,27640,27812
Northern Samar,12467,12561,12650,12731,12806
Northern Samar,26620,27094,27561,28022,28475
Northern Samar,13059,13096,13125,13146,13159
Northern Samar,103564,105034,106465,107860,109210
Northern Samar,34137,34255,34352,34429,34485
Northern Samar,24319,24405,24477,24535,24578
Northern Samar,64068,64398,64691,64947,65165
Northern Samar,14341,14545,14744,14937,15125
Northern Samar,39225,39360,39472,39560,39625
Northern Samar,29731,29832,29915,29981,30028
Northern Samar,15767,16047,16322,16594,16860
Northern Samar,42130,42640,43131,43606,44060
Northern Samar,35345,35450,35534,35597,35639
Northern Samar,34791,35016,35221,35407,35573
Northern Samar,10845,10877,10903,10922,10935
Northern Samar,9338,9366,9388,9404,9415
Northern Samar,28147,28347,28530,28699,28852
Northern Samar,19020,19236,19443,19642,19831
Northern Samar,35505,36331,37156,37981,38803
Northern Samar,8183,8221,8255,8284,8309
Northern Samar,16186,16305,16415,16517,16610
Northern Samar,15590,15690,15782,15865,15939
Northern Samar,15782,15940,16090,16233,16368
Samar (Western Samar),9159,9178,9192,9200,9204
Samar (Western Samar),60611,61399,62163,62906,63625
Samar (Western Samar),193431,194705,195880,196957,197933
Samar (Western Samar),24388,24584,24768,24940,25101
Samar (Western Samar),113613,115111,116566,117982,119353
Samar (Western Samar),44058,44172,44261,44326,44366
Samar (Western Samar),36761,37094,37410,37710,37991
Samar (Western Samar),14640,14780,14913,15040,15159
Samar (Western Samar),19504,19668,19822,19967,20103
Samar (Western Samar),18947,19265,19578,19887,20190
Samar (Western Samar),7800,7874,7944,8011,8074
Samar (Western Samar),15540,15575,15601,15619,15627
Samar (Western Samar),20468,20825,21178,21526,21869
Samar (Western Samar),9216,9467,9719,9973,10229
Samar (Western Samar),8308,8335,8357,8374,8387
Samar (Western Samar),27609,27772,27921,28055,28175
Samar (Western Samar),45059,45580,46082,46567,47032
Samar (Western Samar),13181,13209,13230,13243,13249
Samar (Western Samar),8261,8280,8294,8303,8307
Samar (Western Samar),25608,25662,25702,25727,25738
Samar (Western Samar),30095,30360,30612,30849,31072
Samar (Western Samar),31397,31478,31542,31588,31616
Samar (Western Samar),16696,16732,16758,16774,16781
Samar (Western Samar),9087,9177,9262,9344,9421
Samar (Western Samar),17842,17919,17987,18046,18094
Samar (Western Samar),8141,8158,8171,8179,8182
Southern Leyte,8527,8582,8638,8695,8752
Southern Leyte,29872,30041,30212,30385,30559
Southern Leyte,31846,32176,32510,32849,33191
Southern Leyte,12749,12830,12912,12995,13079
Southern Leyte,16149,16323,16498,16676,16856
Southern Leyte,25370,25615,25862,26114,26367
Southern Leyte,90714,91622,92542,93476,94417
Southern Leyte,27252,27429,27607,27788,27969
Southern Leyte,24004,24194,24386,24580,24776
Southern Leyte,11768,11888,12009,12131,12255
Southern Leyte,10507,10627,10749,10873,10999
Southern Leyte,32537,33298,34077,34876,35689
Southern Leyte,14464,14652,14844,15039,15236
Southern Leyte,15799,15965,16133,16304,16477
Southern Leyte,10986,11072,11160,11248,11337
Southern Leyte,13323,13419,13516,13615,13714
Southern Leyte,49398,50190,50995,51816,52648
Southern Leyte,17564,17732,17902,18075,18249
Southern Leyte,6328,6374,6422,6470,6518
Biliran,17314,17346,17368,17381,17386
Biliran,17248,17280,17302,17316,17321
Biliran,21612,21715,21808,21890,21962
Biliran,23155,23222,23276,23320,23352
Biliran,12583,12605,12620,12628,12631
Biliran,20716,20752,20776,20791,20795
Biliran,7515,7564,7608,7650,7688
Biliran,60575,61518,62444,63357,64255
Zamboanga Del Norte,85666,86106,86513,86889,87232
Zamboanga Del Norte,138968,140206,141400,142551,143656
Zamboanga Del Norte,46741,46874,46990,47086,47164
Zamboanga Del Norte,8899,8972,9042,9110,9174
Zamboanga Del Norte,42264,42360,42439,42501,42546
Zamboanga Del Norte,40601,40679,40741,40786,40815
Zamboanga Del Norte,37327,37412,37482,37536,37576
Zamboanga Del Norte,13093,13147,13196,13239,13277
Zamboanga Del Norte,20561,20600,20631,20654,20669
Zamboanga Del Norte,40282,40386,40473,40545,40600
Zamboanga Del Norte,40264,40368,40457,40529,40585
Zamboanga Del Norte,14299,14326,14348,14364,14374
Zamboanga Del Norte,32911,32985,33047,33095,33130
Zamboanga Del Norte,30883,30953,31011,31056,31089
Zamboanga Del Norte,35584,35639,35681,35707,35719
Zamboanga Del Norte,36678,36986,37281,37564,37836
Zamboanga Del Norte,18090,18141,18185,18221,18250
Zamboanga Del Norte,102469,102846,103184,103481,103738
Zamboanga Del Norte,51981,52815,53642,54465,55278
Zamboanga Del Norte,33352,34140,34934,35735,36540
Zamboanga Del Norte,24998,25081,25154,25218,25272
Zamboanga Del Norte,27931,27985,28027,28058,28078
Zamboanga Del Norte,36535,36811,37074,37325,37563
Zamboanga Del Norte,23521,23648,23768,23878,23980
Zamboanga Del Norte,17770,17804,17831,17850,17863
Zamboanga Del Norte,27248,27386,27515,27633,27741
Zamboanga Del Norte,24625,24762,24890,25008,25118
Zamboanga Del Sur,51601,51687,51754,51805,51838
Zamboanga Del Sur,36730,37245,37756,38262,38763
Zamboanga Del Sur,31816,32081,32339,32588,32829
Zamboanga Del Sur,36070,36125,36169,36199,36218
Zamboanga Del Sur,32534,32586,32627,32657,32675
Zamboanga Del Sur,48254,48330,48390,48434,48460
Zamboanga Del Sur,28947,28996,29034,29063,29082
Zamboanga Del Sur,43356,43576,43783,43977,44156
Zamboanga Del Sur,27744,27795,27836,27867,27889
Zamboanga Del Sur,47269,47344,47403,47445,47472
Zamboanga Del Sur,39169,39347,39513,39666,39807
Zamboanga Del Sur,32541,32583,32615,32635,32644
Zamboanga Del Sur,53711,53943,54158,54356,54536
Zamboanga Del Sur,206168,207157,208080,208941,209733
Zamboanga Del Sur,26964,26995,27016,27028,27030
Zamboanga Del Sur,19608,19654,19694,19728,19754
Zamboanga Del Sur,26457,26487,26508,26520,26522
Zamboanga Del Sur,25421,25454,25478,25493,25499
Zamboanga Del Sur,36713,36766,36806,36834,36848
Zamboanga Del Sur,40623,40714,40792,40855,40905
Zamboanga Del Sur,894837,899512,903907,908036,911873
Zamboanga Del Sur,20686,20715,20738,20753,20762
Zamboanga Del Sur,12538,12652,12764,12873,12978
Zamboanga Del Sur,27894,28006,28109,28203,28288
Zamboanga Del Sur,20173,20440,20703,20964,21221
Zamboanga Del Sur,26934,27479,28026,28576,29127
Zamboanga Del Sur,21087,21124,21153,21176,21192
Zamboanga Del Sur,22226,22418,22605,22786,22960
Zamboanga Sibugay,37459,37596,37704,37780,37827
Zamboanga Sibugay,37916,38024,38100,38146,38160
Zamboanga Sibugay,33772,33903,34007,34084,34133
Zamboanga Sibugay,28998,29081,29140,29174,29185
Zamboanga Sibugay,85652,87396,89109,90793,92441
Zamboanga Sibugay,46937,47250,47526,47767,47970
Zamboanga Sibugay,40833,41418,41978,42516,43028
Zamboanga Sibugay,35265,35488,35683,35851,35990
Zamboanga Sibugay,39941,40063,40151,40207,40229
Zamboanga Sibugay,39497,40453,41400,42342,43273
Zamboanga Sibugay,33352,33542,33705,33842,33953
Zamboanga Sibugay,51211,52452,53683,54907,56116
Zamboanga Sibugay,44802,45235,45637,46007,46344
Zamboanga Sibugay,35612,36553,37491,38428,39359
Zamboanga Sibugay,52525,52865,53163,53421,53638
Zamboanga Sibugay,43772,43942,44077,44176,44240
City Of Isabela (Not A Province),130380,132907,135305,137579,139720
Bukidnon,35629,35757,35858,35934,35983
Bukidnon,35848,36780,37710,38641,39568
Bukidnon,24635,24727,24800,24856,24893
Bukidnon,69271,69484,69646,69756,69815
Bukidnon,51885,52456,52996,53505,53981
Bukidnon,35334,35509,35658,35782,35880
Bukidnon,43168,43323,43446,43537,43596
Bukidnon,43362,43911,44435,44936,45411
Bukidnon,51902,52047,52152,52219,52246
Bukidnon,67415,68232,69010,69751,70451
Bukidnon,48556,49243,49904,50542,51153
Bukidnon,197621,201246,204794,208277,211674
Bukidnon,25717,25867,25999,26114,26209
Bukidnon,108961,110216,111404,112531,113589
Bukidnon,113525,115267,116952,118587,120162
Bukidnon,57076,57616,58120,58588,59017
Bukidnon,113195,114496,115728,116896,117993
Bukidnon,62117,63017,63885,64724,65528
Bukidnon,29361,29579,29777,29955,30112
Bukidnon,75235,75657,76025,76340,76600
Bukidnon,201736,202711,203538,204221,204756
Bukidnon,35277,35404,35504,35579,35627
Camiguin,17223,17266,17299,17326,17343
Camiguin,7088,7222,7354,7486,7617
Camiguin,14452,14499,14537,14569,14594
Camiguin,40990,41312,41613,41901,42169
Camiguin,13365,13471,13570,13665,13753
Lanao Del Norte,23936,24018,24080,24121,24142
Lanao Del Norte,67206,68607,69982,71334,72657
Lanao Del Norte,24007,24179,24331,24465,24578
Lanao Del Norte,357307,358747,359886,360723,361255
Lanao Del Norte,72849,74453,76033,77592,79123
Lanao Del Norte,60538,61011,61436,61815,62144
Lanao Del Norte,28374,28655,28916,29155,29373
Lanao Del Norte,28062,28159,28231,28279,28304
Lanao Del Norte,70379,70620,70802,70923,70984
Lanao Del Norte,23522,24031,24532,25025,25509
Lanao Del Norte,21852,22300,22739,23171,23593
Lanao Del Norte,22953,23106,23241,23357,23455
Lanao Del Norte,15856,16147,16430,16707,16975
Lanao Del Norte,39286,40338,41387,42434,43474
Lanao Del Norte,20483,20799,21103,21395,21674
Lanao Del Norte,33530,34486,35441,36398,37353
Lanao Del Norte,30902,31512,32109,32694,33263
Lanao Del Norte,36862,37666,38457,39237,40002
Lanao Del Norte,22992,23217,23425,23617,23790
Lanao Del Norte,14909,15161,15405,15641,15869
Lanao Del Norte,18281,18804,19327,19852,20375
Lanao Del Norte,49012,49180,49306,49391,49433
Lanao Del Norte,25601,26229,26850,27468,28078
Misamis Occidental,28383,28458,28517,28561,28589
Misamis Occidental,17668,17732,17787,17833,17869
Misamis Occidental,33233,33320,33390,33441,33473
Misamis Occidental,22271,22330,22376,22410,22432
Misamis Occidental,38710,38834,38937,39020,39080
Misamis Occidental,16464,17614,18826,20104,21441
Misamis Occidental,29740,30049,30344,30628,30897
Misamis Occidental,25794,25870,25933,25981,26016
Misamis Occidental,72478,72632,72745,72819,72852
Misamis Occidental,149776,150866,151882,152827,153695
Misamis Occidental,10457,10479,10496,10507,10511
Misamis Occidental,42162,42655,43131,43592,44034
Misamis Occidental,20469,20512,20545,20565,20575
Misamis Occidental,18838,18878,18908,18927,18936
Misamis Occidental,64723,64890,65022,65119,65179
Misamis Occidental,29875,29979,30067,30139,30194
Misamis Occidental,10462,10490,10512,10528,10538
Misamis Oriental,32754,33186,33595,33981,34342
Misamis Oriental,69675,69899,70060,70158,70193
Misamis Oriental,11818,11914,11999,12075,12141
Misamis Oriental,8243,8345,8441,8532,8616
Misamis Oriental,750312,761134,771446,781279,790580
Misamis Oriental,52942,53479,53975,54430,54842
Misamis Oriental,55545,56316,57047,57742,58397
Misamis Oriental,129922,130410,130781,131034,131170
Misamis Oriental,17012,17067,17106,17130,17138
Misamis Oriental,35245,35638,36004,36343,36654
Misamis Oriental,58310,58790,59221,59605,59940
Misamis Oriental,16055,16301,16536,16761,16975
Misamis Oriental,24027,24371,24698,25010,25305
Misamis Oriental,26973,27342,27692,28025,28337
Misamis Oriental,12941,13000,13048,13084,13109
Misamis Oriental,20560,20632,20684,20719,20734
Misamis Oriental,35955,36071,36154,36204,36222
Misamis Oriental,29608,29717,29798,29854,29882
Misamis Oriental,34241,34359,34447,34504,34529
Misamis Oriental,23547,23886,24210,24519,24810
Misamis Oriental,72225,73965,75684,77387,79064
Misamis Oriental,29825,29921,29990,30032,30046
Misamis Oriental,9616,9653,9680,9699,9709
Misamis Oriental,83070,84592,86068,87504,88892
Misamis Oriental,25467,25550,25610,25647,25661
Misamis Oriental,48526,50100,51684,53279,54879
Davao Del Norte,61230,61465,61672,61853,62007
Davao Del Norte,78464,79001,79506,79981,80423
Davao Del Norte,83480,84620,85739,86840,87916
Davao Del Norte,57778,58199,58598,58975,59328
Davao Del Norte,189814,190419,190939,191377,191729
Davao Del Norte,110182,111069,111913,112718,113479
Davao Del Norte,125755,126783,127763,128699,129584
Davao Del Norte,269569,270902,272120,273228,274217
Davao Del Norte,28747,28922,29085,29237,29376
Davao Del Norte,31072,31191,31297,31389,31467
Davao Del Norte,27343,27420,27485,27537,27577
Davao Del Sur,65295,66153,67022,67904,68795
Davao Del Sur,1870385,1913809,1958191,2003650,2049938
Davao Del Sur,194671,199304,204042,208897,213843
Davao Del Sur,58549,59483,60433,61399,62377
Davao Del Sur,54280,55246,56229,57231,58247
Davao Del Sur,59835,60905,61993,63103,64228
Davao Del Sur,43059,43836,44628,45434,46252
Davao Del Sur,63565,64794,66046,67324,68621
Davao Del Sur,27628,27808,27989,28171,28354
Davao Del Sur,103720,106042,108414,110842,113313
Davao Del Sur,35369,35674,35982,36294,36606
Davao Oriental,59318,59683,60004,60281,60514
Davao Oriental,43289,43543,43763,43952,44108
Davao Oriental,14514,14643,14763,14873,14973
Davao Oriental,44470,45070,45644,46194,46716
Davao Oriental,43041,43324,43576,43796,43984
Davao Oriental,60699,61520,62304,63056,63771
Davao Oriental,70358,70957,71506,72007,72458
Davao Oriental,44996,45268,45506,45711,45882
Davao Oriental,159440,162284,165057,167768,170403
Davao Oriental,40392,41059,41706,42336,42944
Davao Oriental,27331,27444,27536,27607,27656
Compostela Valley,91052,91486,91871,92207,92492
Compostela Valley,76896,77263,77587,77871,78112
Compostela Valley,44923,45510,46079,46633,47168
Compostela Valley,89594,90894,92164,93407,94616
Compostela Valley,65126,65745,66334,66894,67422
Compostela Valley,38166,38278,38369,38438,38486
Compostela Valley,97175,97368,97505,97588,97614
Compostela Valley,47141,47650,48139,48608,49055
Compostela Valley,90495,91782,93037,94265,95457
Compostela Valley,49149,49294,49411,49502,49564
Compostela Valley,91024,91734,92397,93018,93590
Davao Occidental,47544,47934,48291,48616,48907
Davao Occidental,84390,85590,86745,87857,88920
Davao Occidental,127294,128618,129863,131026,132105
Davao Occidental,58810,59557,60270,60949,61593
Davao Occidental,24835,24903,24952,24982,24993
Cotabato (North Cotabato),72486,73540,74514,75409,76222
Cotabato (North Cotabato),110171,112210,114143,115975,117695
Cotabato (North Cotabato),96446,97248,97927,98484,98916
Cotabato (North Cotabato),154568,156352,157951,159369,160596
Cotabato (North Cotabato),52095,52418,52672,52859,52976
Cotabato (North Cotabato),53222,53665,54039,54347,54586
Cotabato (North Cotabato),89425,89956,90367,90661,90836
Cotabato (North Cotabato),83846,84211,84463,84602,84626
Cotabato (North Cotabato),169222,171515,173614,175526,177239
Cotabato (North Cotabato),102263,103017,103638,104129,104485
Cotabato (North Cotabato),74084,75015,75858,76617,77288
Cotabato (North Cotabato),215104,226337,237855,249694,261786
Cotabato (North Cotabato),50767,51073,51311,51484,51588
Cotabato (North Cotabato),59655,59906,60076,60166,60176
Cotabato (North Cotabato),26711,26823,26899,26940,26944
Cotabato (North Cotabato),47504,47943,48322,48643,48903
Cotabato (North Cotabato),42840,43233,43572,43858,44089
Cotabato (North Cotabato),52673,53198,53656,54050,54378
South Cotabato,92108,93230,94282,95264,96171
South Cotabato,654649,663097,671049,678525,685480
South Cotabato,193740,196424,198967,201376,203637
South Cotabato,49680,50039,50355,50628,50857
South Cotabato,167857,169992,171999,173882,175631
South Cotabato,93117,94321,95455,96521,97512
South Cotabato,42493,42868,43206,43508,43773
South Cotabato,46063,46397,46689,46942,47153
South Cotabato,106863,109326,111749,114140,116484
South Cotabato,78019,79190,80306,81371,82377
South Cotabato,43309,43571,43794,43979,44125
South Cotabato,100104,102058,103960,105814,107609
Sultan Kudarat,69062,69255,69405,69512,69575
Sultan Kudarat,39690,40802,41920,43049,44180
Sultan Kudarat,67898,68058,68177,68253,68287
Sultan Kudarat,93156,93376,93538,93643,93689
Sultan Kudarat,50725,50901,51045,51158,51240
Sultan Kudarat,91887,92206,92467,92672,92819
Sultan Kudarat,68951,69850,70718,71558,72364
Sultan Kudarat,88728,90673,92606,94534,96444
Sultan Kudarat,95360,96008,96602,97142,97624
Sultan Kudarat,42879,43038,43171,43277,43357
Sultan Kudarat,105443,106461,107424,108334,109186
Sultan Kudarat,49009,49270,49501,49704,49876
Sarangani,84823,85364,85842,86260,86615
Sarangani,130862,132746,134556,136302,137970
Sarangani,67734,68738,69705,70639,71535
Sarangani,66684,67796,68875,69926,70943
Sarangani,47340,47688,48001,48281,48527
Sarangani,81004,81490,81915,82282,82589
Sarangani,112297,113518,114666,115745,116750
Cotabato City (Not A Province),311264,312921,314470,315905,317226
"Ncr, First District (Not A Province)",1904097,1919752,1933886,1946482,1957470
"Ncr, Second District (Not A Province)",455743,467167,478469,489655,500647
"Ncr, Second District (Not A Province)",480081,483664,486856,489655,492046
"Ncr, Second District (Not A Province)",852178,866963,881253,895047,908251
"Ncr, Second District (Not A Province)",3102433,3121477,3137962,3151858,3163105
"Ncr, Second District (Not A Province)",123031,123175,123319,123464,123609
"Ncr, Third District (Not A Province)",1670236,1679907,1688192,1695076,1700530
"Ncr, Third District (Not A Province)",375218,375679,375819,376008,376340
"Ncr, Third District (Not A Province)",249838,249901,249964,250028,250091
"Ncr, Third District (Not A Province)",663395,668814,673702,678054,681846
"Ncr, Fourth District (Not A Province)",626337,630872,634897,638408,641387
"Ncr, Fourth District (Not A Province)",646773,656176,665148,673685,681731
"Ncr, Fourth District (Not A Province)",552738,559543,565948,571952,577515
"Ncr, Fourth District (Not A Province)",755461,769298,782720,795729,808234
"Ncr, Fourth District (Not A Province)",435932,437909,439520,440760,441628
"Ncr, Fourth District (Not A Province)",65439,65502,65555,65635,65715
"Ncr, Fourth District (Not A Province)",1007293,1042877,1078794,1115084,1151512
Abra,51392,51902,52400,52890,53369
Abra,3600,3601,3600,3599,3596
Abra,17244,17247,17245,17238,17226
Abra,2648,2670,2692,2714,2734
Abra,2293,2328,2361,2395,2428
Abra,4224,4224,4224,4222,4219
Abra,11400,11402,11401,11396,11388
Abra,15783,15824,15862,15894,15923
Abra,3686,3732,3778,3823,3867
Abra,14477,14499,14517,14531,14540
Abra,4552,4556,4559,4560,4560
Abra,3236,3239,3240,3241,3241
Abra,4724,4725,4725,4723,4719
Abra,6387,6388,6387,6385,6380
Abra,3454,3454,3454,3453,3450
Abra,10888,10898,10904,10907,10907
Abra,6718,6724,6728,6730,6730
Abra,12724,12804,12880,12953,13023
Abra,10389,10406,10420,10431,10439
Abra,7009,7069,7127,7183,7238
Abra,4609,4609,4609,4607,4604
Abra,9941,9943,9942,9938,9931
Abra,5571,5588,5603,5616,5628
Abra,14799,14840,14876,14908,14936
Abra,5521,5590,5658,5726,5792
Abra,5742,5743,5742,5740,5736
Abra,5456,5460,5464,5465,5465
Benguet,20421,20489,20539,20573,20588
Benguet,366526,369096,371374,373364,375055
Benguet,17087,17344,17591,17828,18055
Benguet,14657,14770,14871,14961,15039
Benguet,47608,48166,48692,49186,49645
Benguet,62512,62788,63011,63182,63300
Benguet,16857,17090,17312,17524,17725
Benguet,20034,20089,20127,20147,20151
Benguet,17968,18030,18077,18109,18125
Benguet,154381,158613,162834,167056,171256
Benguet,37247,37357,37435,37481,37495
Benguet,12238,12337,12427,12507,12578
Benguet,52018,52633,53211,53754,54260
Benguet,18929,19052,19160,19252,19329
Ifugao,22321,22372,22415,22448,22473
Ifugao,9608,9630,9649,9663,9674
Ifugao,17713,17803,17886,17962,18032
Ifugao,19988,20072,20149,20218,20279
Ifugao,26609,26802,26986,27161,27326
Ifugao,17744,17790,17829,17860,17885
Ifugao,34649,35046,35432,35811,36178
Ifugao,19986,20057,20121,20176,20224
Ifugao,9432,9453,9471,9485,9496
Ifugao,18346,18639,18930,19219,19504
Ifugao,15666,15714,15755,15789,15818
Kalinga,12519,12559,12594,12625,12652
Kalinga,8421,8358,8294,8226,8156
Kalinga,9836,9856,9872,9886,9895
Kalinga,33875,34154,34423,34683,34932
Kalinga,17848,17966,18077,18184,18284
Kalinga,115564,116269,116934,117567,118158
Kalinga,10344,10474,10601,10728,10851
Kalinga,13157,13190,13218,13241,13260
Mountain Province,4185,4084,3985,3887,3791
Mountain Province,31829,31938,32042,32141,32235
Mountain Province,6202,6067,5934,5802,5672
Mountain Province,25195,25272,25345,25415,25480
Mountain Province,10440,10462,10482,10500,10516
Mountain Province,29840,30120,30397,30673,30946
Mountain Province,9921,10021,10119,10218,10315
Mountain Province,8985,9011,9035,9058,9079
Mountain Province,11236,11247,11256,11263,11268
Mountain Province,19579,19598,19613,19626,19634
Apayao,13459,13586,13707,13824,13934
Apayao,26867,26961,27042,27111,27166
Apayao,17845,17892,17931,17961,17982
Apayao,15546,15548,15549,15551,15552
Apayao,19681,19753,19816,19870,19914
Apayao,16314,16532,16745,16955,17159
Apayao,15016,15240,15460,15678,15891
Basilan,80501,81465,82432,83402,84373
Basilan,28348,29022,29707,30405,31112
Basilan,47632,48901,50196,51520,52867
Basilan,46501,47334,48176,49029,49888
Basilan,21139,21481,21826,22175,22525
Basilan,21061,21198,21333,21466,21597
Basilan,21306,22009,22731,23473,24231
Basilan,21941,22109,22276,22442,22605
Basilan,21807,22249,22696,23150,23608
Basilan,19870,20111,20353,20597,20841
Basilan,36047,38320,40710,43221,45842
Basilan,29335,30293,31275,32285,33318
Lanao Del Sur,23331,23781,24241,24711,25189
Lanao Del Sur,28330,28595,28863,29136,29411
Lanao Del Sur,32627,33250,33886,34536,35197
Lanao Del Sur,26637,27119,27610,28111,28620
Lanao Del Sur,24952,25474,26008,26555,27111
Lanao Del Sur,25630,26235,26854,27489,28136
Lanao Del Sur,22405,22978,23566,24170,24787
Lanao Del Sur,26178,26755,27346,27951,28567
Lanao Del Sur,20400,20667,20938,21214,21493
Lanao Del Sur,40152,40872,41607,42357,43119
Lanao Del Sur,21807,22301,22807,23326,23854
Lanao Del Sur,26391,26989,27600,28226,28864
Lanao Del Sur,20262,20720,21189,21670,22160
Lanao Del Sur,49799,50863,51951,53064,54199
Lanao Del Sur,38093,39036,40002,40995,42008
Lanao Del Sur,215774,218241,220744,223288,225859
Lanao Del Sur,33827,34685,35566,36470,37394
Lanao Del Sur,18333,18747,19171,19606,20049
Lanao Del Sur,15220,15604,15997,16401,16814
Lanao Del Sur,29469,30212,30974,31757,32557
Lanao Del Sur,25701,26342,26998,27672,28361
Lanao Del Sur,14828,15189,15559,15939,16327
Lanao Del Sur,24469,24858,25253,25656,26064
Lanao Del Sur,26529,26867,27210,27560,27913
Lanao Del Sur,29944,30695,31464,32255,33062
Lanao Del Sur,26711,27269,27839,28423,29016
Lanao Del Sur,16797,17171,17554,17946,18345
Lanao Del Sur,25267,25522,25781,26044,26309
Lanao Del Sur,51846,52935,54047,55186,56345
Lanao Del Sur,24505,25090,25690,26305,26932
Lanao Del Sur,15761,16130,16507,16894,17289
Lanao Del Sur,16375,16418,16461,16505,16550
Lanao Del Sur,28035,28676,29333,30006,30692
Lanao Del Sur,19577,20129,20697,21281,21879
Lanao Del Sur,18716,19145,19584,20035,20494
Lanao Del Sur,12438,12821,13215,13622,14039
Lanao Del Sur,12648,12917,13193,13475,13762
Lanao Del Sur,17940,18386,18843,19312,19792
Lanao Del Sur,12022,12149,12278,12409,12542
Lanao Del Sur,8397,8607,8822,9043,9268
Maguindanao,27993,28517,29036,29551,30059
Maguindanao,36333,36446,36538,36611,36664
Maguindanao,59550,61216,62896,64594,66302
Maguindanao,32280,32925,33566,34204,34836
Maguindanao,23508,23130,22744,22350,21948
Maguindanao,109706,111373,113007,114611,116176
Maguindanao,32390,32449,32490,32513,32518
Maguindanao,33218,33774,34322,34862,35392
Maguindanao,43734,44379,45010,45629,46232
Maguindanao,103375,105781,108188,110601,113008
Maguindanao,99497,100054,100559,101013,101413
Maguindanao,22919,22961,22990,23006,23009
Maguindanao,17852,17918,17974,18020,18057
Maguindanao,59963,60997,62016,63024,64014
Maguindanao,37009,38265,39544,40847,42168
Maguindanao,43581,44100,44602,45087,45553
Maguindanao,33803,34424,35039,35649,36251
Maguindanao,30766,31181,31585,31979,32360
Maguindanao,25914,26058,26188,26305,26409
Maguindanao,15621,15723,15818,15904,15982
Maguindanao,36061,36208,36334,36442,36529
Maguindanao,21983,23175,24414,25704,27038
Maguindanao,23265,23396,23514,23620,23713
Maguindanao,20918,21053,21178,21292,21395
Maguindanao,33010,34210,35433,36685,37957
Maguindanao,12073,12095,12111,12119,12121
Maguindanao,26637,27082,27520,27952,28376
Maguindanao,25550,25836,26111,26377,26631
Maguindanao,37130,39628,42256,45021,47909
Maguindanao,32649,34088,35570,37099,38665
Maguindanao,41988,45771,49819,54143,58721
Maguindanao,45773,50653,55931,61622,67695
Maguindanao,34081,35793,37566,39406,41303
Maguindanao,37708,40355,43147,46090,49171
Maguindanao,15276,15304,15324,15334,15336
Maguindanao,22824,23324,23821,24319,24814
Sulu,96637,99421,102242,105106,107999
Sulu,128893,129253,129556,129802,129990
Sulu,35908,36637,37365,38094,38820
Sulu,33100,33207,33299,33376,33439
Sulu,49683,51922,54235,56627,59086
Sulu,6657,6695,6730,6762,6792
Sulu,42416,42591,42747,42885,43004
Sulu,31501,31601,31688,31762,31821
Sulu,63830,64010,64162,64285,64380
Sulu,32839,35050,37378,39831,42394
Sulu,92017,98160,104628,111438,118555
Sulu,69500,69694,69858,69990,70091
Sulu,82396,82628,82824,82983,83105
Sulu,19432,19616,19793,19964,20128
Sulu,32315,33889,35521,37215,38961
Sulu,29404,29457,29496,29522,29534
Sulu,23196,23385,23564,23736,23898
Sulu,28768,29238,29702,30162,30617
Sulu,34449,36284,38193,40182,42241
Tawi-Tawi,47729,48214,48667,49091,49481
Tawi-Tawi,121323,124868,128423,132002,135581
Tawi-Tawi,27632,27730,27807,27863,27898
Tawi-Tawi,30592,30401,30185,29946,29683
Tawi-Tawi,34547,34656,34738,34794,34823
Tawi-Tawi,24553,24259,23947,23619,23274
Tawi-Tawi,30459,30556,30628,30677,30703
Tawi-Tawi,5640,5794,5947,6101,6254
Tawi-Tawi,31697,31316,30912,30486,30040
Tawi-Tawi,32042,32143,32219,32271,32298
Tawi-Tawi,31488,31586,31660,31710,31735
Agusan Del Norte,67436,68285,69095,69868,70600
Agusan Del Norte,365431,369442,373227,376797,380130
Agusan Del Norte,77792,78304,78760,79163,79510
Agusan Del Norte,21781,21885,21973,22045,22101
Agusan Del Norte,23948,24015,24063,24094,24107
Agusan Del Norte,19925,20093,20247,20388,20515
Agusan Del Norte,29842,30009,30154,30278,30380
Agusan Del Norte,21711,21773,21819,21849,21862
Agusan Del Norte,43701,43884,44035,44154,44240
Agusan Del Norte,28049,28678,29300,29918,30528
Agusan Del Norte,30758,31781,32814,33862,34918
Agusan Del Norte,16676,16737,16786,16823,16847
Agusan Del Sur,105699,105913,106066,106158,106189
Agusan Del Sur,53751,55244,56747,58266,59791
Agusan Del Sur,56247,56381,56483,56553,56590
Agusan Del Sur,28951,29018,29069,29103,29120
Agusan Del Sur,44587,44859,45106,45330,45530
Agusan Del Sur,86838,87391,87899,88362,88777
Agusan Del Sur,56351,58052,59771,61515,63273
Agusan Del Sur,76509,76692,76831,76925,76976
Agusan Del Sur,32843,32903,32943,32964,32967
Agusan Del Sur,27627,27725,27808,27875,27927
Agusan Del Sur,39372,39464,39533,39579,39603
Agusan Del Sur,55000,55489,55951,56387,56796
Agusan Del Sur,46025,46335,46620,46882,47119
Agusan Del Sur,31234,31307,31361,31398,31417
Surigao Del Norte,17657,17940,18224,18511,18798
Surigao Del Norte,15897,16139,16382,16626,16870
Surigao Del Norte,4126,4140,4152,4164,4175
Surigao Del Norte,46739,49614,52637,55819,59140
Surigao Del Norte,24504,24612,24716,24816,24913
Surigao Del Norte,19703,19921,20139,20355,20570
Surigao Del Norte,18794,19147,19503,19864,20227
Surigao Del Norte,23232,23643,24057,24476,24896
Surigao Del Norte,27790,27954,28114,28271,28423
Surigao Del Norte,18208,18223,18235,18243,18249
Surigao Del Norte,9988,10022,10055,10086,10115
Surigao Del Norte,29883,30362,30845,31331,31818
Surigao Del Norte,5528,5545,5562,5578,5593
Surigao Del Norte,15884,16110,16338,16566,16794
Surigao Del Norte,7660,7713,7765,7817,7867
Surigao Del Norte,9073,9113,9152,9189,9225
Surigao Del Norte,15327,15718,16116,16523,16935
Surigao Del Norte,24551,24934,25320,25709,26097
Surigao Del Norte,169197,171775,174364,176969,179576
Surigao Del Norte,17522,17703,17883,18062,18239
Surigao Del Norte,16132,16472,16816,17165,17518
Surigao Del Sur,55911,56896,57864,58816,59749
Surigao Del Sur,8406,8428,8445,8457,8463
Surigao Del Sur,93800,93676,93553,93429,93307
Surigao Del Sur,21643,21813,21971,22117,22249
Surigao Del Sur,32407,32490,32553,32594,32615
Surigao Del Sur,10648,10676,10696,10710,10717
Surigao Del Sur,29936,31143,32335,33515,34677
Surigao Del Sur,16375,16418,16449,16470,16481
Surigao Del Sur,41003,41108,41187,41240,41267
Surigao Del Sur,12372,12407,12435,12454,12466
Surigao Del Sur,30360,30439,30499,30540,30561
Surigao Del Sur,31503,31507,31510,31513,31516
Surigao Del Sur,15666,15707,15737,15757,15767
Surigao Del Sur,19132,19194,19244,19282,19307
Surigao Del Sur,24799,25100,25388,25665,25930
Surigao Del Sur,42013,42384,42732,43058,43359
Surigao Del Sur,42825,43437,44032,44610,45169
Surigao Del Sur,36633,36773,36891,36986,37057
Surigao Del Sur,60032,60535,61005,61441,61843
Dinagat Islands,38812,39062,39292,39500,39687
Dinagat Islands,18139,18321,18490,18648,18794
Dinagat Islands,10649,10653,10658,10662,10668
Dinagat Islands,17932,17963,17996,18028,18063
Dinagat Islands,9464,9492,9520,9548,9578
Dinagat Islands,27530,27541,27553,27566,27581
Dinagat Islands,8748,8810,8868,8920,8967
Marinduque,56898,57282,57672,58067,58468
Marinduque,25025,25209,25395,25584,25776
Marinduque,36521,36821,37125,37435,37748
Marinduque,34813,34951,35091,35233,35378
Marinduque,57268,57425,57584,57746,57912
Marinduque,31895,32138,32384,32634,32888
Occidental Mindoro,32801,32986,33151,33297,33423
Occidental Mindoro,30870,30980,31071,31143,31196
Occidental Mindoro,10441,10474,10499,10519,10531
Occidental Mindoro,18886,18901,18915,18929,18943
Occidental Mindoro,39938,40549,41145,41727,42293
Occidental Mindoro,46167,46623,47055,47464,47847
Occidental Mindoro,16464,16502,16530,16548,16555
Occidental Mindoro,41745,42268,42771,43257,43721
Occidental Mindoro,89058,89889,90673,91410,92098
Occidental Mindoro,153773,155241,156626,157933,159155
Occidental Mindoro,39848,40171,40471,40750,41006
Oriental Mindoro,39544,39846,40122,40373,40597
Oriental Mindoro,43912,44308,44676,45017,45330
Oriental Mindoro,78307,79202,80051,80858,81616
Oriental Mindoro,45858,46982,48102,49220,50330
Oriental Mindoro,144809,146351,147806,149178,150459
Oriental Mindoro,48472,48942,49381,49791,50170
Oriental Mindoro,57530,57899,58230,58522,58774
Oriental Mindoro,112755,114188,115559,116873,118121
Oriental Mindoro,90954,91546,92077,92547,92953
Oriental Mindoro,36505,36722,36914,37081,37223
Oriental Mindoro,41552,42338,43109,43868,44611
Oriental Mindoro,56870,57363,57818,58239,58622
Oriental Mindoro,20462,20873,21278,21678,22070
Oriental Mindoro,41049,41280,41481,41655,41800
Oriental Mindoro,52728,52976,53187,53362,53498
Palawan,38109,38483,38818,39116,39373
Palawan,13264,13335,13390,13431,13457
Palawan,16081,16220,16343,16449,16539
Palawan,46362,47303,48214,49096,49945
Palawan,92703,95572,98432,101289,104127
Palawan,71726,72370,72939,73435,73855
Palawan,23333,23460,23561,23638,23689
Palawan,6625,6657,6681,6698,6708
Palawan,61062,62516,63939,65333,66690
Palawan,24226,24453,24657,24837,24992
Palawan,26149,26470,26765,27036,27281
Palawan,47176,47985,48757,49492,50187
Palawan,17209,17411,17596,17765,17916
Palawan,12856,12917,12964,12998,13017
Palawan,81394,82517,83566,84542,85441
Palawan,288473,293288,297866,302217,306317
Palawan,69249,70454,71606,72707,73751
Palawan,71550,72349,73079,73740,74330
Palawan,33054,33233,33378,33487,33559
Palawan,79923,80422,80834,81159,81396
Palawan,194,195,196,196,196
Palawan,21314,21430,21523,21593,21640
Palawan,57674,58814,59913,60975,61992
Palawan,35874,36255,36601,36911,37184
Romblon,17374,17533,17689,17842,17991
Romblon,5607,5614,5618,5621,5622
Romblon,22525,22614,22697,22774,22845
Romblon,10816,10898,10977,11055,11129
Romblon,4089,4094,4097,4099,4099
Romblon,10639,10688,10735,10779,10820
Romblon,22638,22677,22710,22736,22755
Romblon,14727,14813,14894,14971,15045
Romblon,47125,47376,47615,47843,48056
Romblon,39447,39522,39584,39636,39676
Romblon,23043,23094,23138,23176,23206
Romblon,16169,16251,16329,16402,16471
Romblon,24097,24213,24322,24425,24521
Romblon,11527,11627,11725,11820,11913
Romblon,16480,16527,16569,16607,16640
Romblon,7117,7135,7152,7166,7178
Romblon,9498,9666,9834,10002,10170
